﻿"자치구별(1)",자치구별(2),2018,2019,2020,2021,2022,2023
"자치구별(1)",자치구별(2),합계,합계,합계,합계,합계,합계
"자치구별(1)",자치구별(2),시설수 (개소),시설수 (개소),시설수 (개소),시설수 (개소),시설수 (개소),시설수 (개소)
"서울시",종로구,-,1,1,1,1,1
"서울시",중구,1,2,2,2,2,2
"서울시",용산구,2,2,2,2,2,2
"서울시",성동구,1,1,1,1,1,1
"서울시",광진구,3,2,2,2,2,2
"서울시",동대문구,2,2,3,2,2,2
"서울시",중랑구,2,3,4,3,3,3
"서울시",성북구,10,11,10,10,10,10
"서울시",강북구,3,3,4,4,4,3
"서울시",도봉구,1,1,-,-,-,-
"서울시",노원구,2,4,6,4,4,4
"서울시",은평구,9,8,7,8,8,9
"서울시",서대문구,7,7,6,6,6,6
"서울시",마포구,3,3,2,2,1,1
"서울시",양천구,7,7,8,9,9,10
"서울시",강서구,7,7,7,7,8,9
"서울시",구로구,6,7,7,6,6,7
"서울시",금천구,1,1,1,1,1,1
"서울시",영등포구,4,6,6,7,7,7
"서울시",동작구,6,7,7,7,7,7
"서울시",관악구,12,12,13,10,9,8
"서울시",서초구,2,3,3,3,3,3
"서울시",강남구,3,3,1,1,1,1
"서울시",송파구,8,8,8,7,7,6
"서울시",강동구,3,3,3,4,3,4
"서울시",기타,8,-,-,-,-,-
