﻿"자치구별(1)",자치구별(2),2024
"자치구별(1)",자치구별(2),학교수 (개)
"합계",종로구,6
"합계",중구,2
"합계",용산구,5
"합계",성동구,-
"합계",광진구,4
"합계",동대문구,4
"합계",중랑구,3
"합계",성북구,6
"합계",강북구,2
"합계",도봉구,1
"합계",노원구,12
"합계",은평구,7
"합계",서대문구,4
"합계",마포구,4
"합계",양천구,8
"합계",강서구,11
"합계",구로구,2
"합계",금천구,2
"합계",영등포구,1
"합계",동작구,3
"합계",관악구,7
"합계",서초구,3
"합계",강남구,9
"합계",송파구,6
"합계",강동구,6
